Workbook

Sheet Cover
B2: 운빨존많겜 테스트 케이스 개요
G4: 게임명: | H4: 운빨존많겜 | K4: 목차
G5: 개발/유통: | H5: 111퍼센트
G6: 플랫폼: | H6: 모바일 | K6: -표지(개요, 선택 사유)
G7: 엔진: | H7: 유니티 | K7: -프로젝트 진행율
G8: 장르: | H8: 전략 디펜스 | K8: -TC_초기구동 (필수 포함 항목)
G9: 주요 타겟: | H9: 10~30 캐주얼 게이머 | K9: -TC_인게임 (지정 항목)
G10: 테스트 빌드: | H10: 1.8.9 (Live)
G11: 테스트 플랫폼: | H11: Android
B13: 레퍼런스 선택 사유
B14: 운빨존많겜은 실제로 플레이 경험이 있어, 직접 해본 경험을 바탕으로 다양한 테스트 상황을 떠올리기 좋았습니다. 다양한 유닛 소환과 배치, 강화, 매칭, 협동 전투 등, 전반적으로 여러 기능이 복합적으로 작동하는 구조이기 때문에 QA의 시선에서 다양한 시나리오를 직접 경험하고 테스트 케이스로 설계해보기에 적합하다고 생각해 선택했습니다.

Sheet 프로젝트 진행율
B2: QA Test Dashboard | AC2: 구분 | AD2: Pass | AE2: Fail | AF2: Blocked | AG2: Not Tested | AH2: 전체 | AI2: Pass율 | AJ2: Fail율
AC3: 초기구동 | AD3: =COUNTIFS(TC_초기구동!I:I,"Pass") -> 34 | AE3: =COUNTIFS(TC_초기구동!I:I, "Fail") -> 0 | AF3: =COUNTIFS(TC_초기구동!I:I, "Blocked") -> 0 | AG3: =COUNTIFS(TC_초기구동!I:I, "Not Tested") -> 0 | AH3: =COUNTA(TC_초기구동!I:I)-1 -> 34 | AI3: =IF(AH3=0, 0, AD3/AH3) -> 1 | AJ3: =AE3/AH3 -> 0
B4: % of Test Cases Pass | I4: % of Test Cases Fail | AC4: 인게임 | AD4: =COUNTIFS(TC_인게임!I:I,"Pass") -> 81 | AE4: =COUNTIFS(TC_인게임!I:I, "Fail") -> 0 | AF4: =COUNTIFS(TC_인게임!I:I, "Blocked") -> 1 | AG4: =COUNTIFS(TC_인게임!I:I, "Not Tested") -> 0 | AH4: =COUNTA(TC_인게임!I:I)-1 -> 82 | AI4: =IF(AH4=0, 0, AD4/AH4) -> 0.98780488 | AJ4: =AE4/AH4 -> 0
B5: =AVERAGE(AI3:AI4) -> 0.99390244 | I5: =AVERAGE(AJ3:AJ4) -> 0
B8: TC_초기구동
D9: Count | F9: Progress
B10: 전체 진행율 | D10: =COUNTA(TC_초기구동!I:I)-1 -> 34 | F10: =SUM(AD3,AE3,AF3,AG3)/D10 -> 1
B11: Pass Rate | D11: =COUNTIF(TC_초기구동!I:I,"pass") -> 34 | F11: =AD3/D10 -> 1
B13: TC_인게임
D14: Count | F14: Progress
B15: 전체 진행율 | D15: =COUNTA(TC_인게임!I:I)-1 -> 82 | F15: =SUM(AD4,AE4,AF4,AG4)/D15 -> 1
B16: Pass Rate | D16: =COUNTIF(TC_인게임!I:I,"pass") -> 81 | F16: =AD4/D15 -> 0.98780488

Sheet TC_초기구동
A1: No. | B1: 우선순위 | C1: 대분류 | D1: 중분류 | E1: 소분류 | F1: 사전 조건 | G1: 테스트 내용 | H1: 기대 결과 | I1: 실제 결과 | J1: 테스트 수행자 | K1: 수행 날짜 | L1: 비고
A2: 1 | B2: High | C2: 앱 설치 | D2: 정상 설치 | E2: 스토어 설치 | F2: 스토어 접근 가능 | G2: 스토어에서 게임 설치 진행 | H2: 설치가 정상 완료되고 앱 아이콘이 생성됨 | I2: Pass | J2: 김가이 | K2: 2026.02.02 | N2: Pass
A3: 2 | B3: Medium | D3: 예외 처리 | E3: 저장 공간 부족 | F3: 기기 저장 공간 부족 상태 | G3: 기기 저장 공간 부족 상태에서 설치 시도 | H3: 설치 불가 안내 메시지 노출 | I3: Pass | J3: 김가이 | K3: 2026.02.02 | N3: Fail
A4: 3 | B4: Medium | D4: 재설치 | E4: 데이터 초기화 | F4: 기존 앱 데이터 삭제 | G4: 앱 삭제 후 재설치 진행 | H4: 정상 설치되며 실행 시 오류가 발생하지 않음 | I4: Pass | J4: 김가이 | K4: 2026.02.02 | N4: Blocked
A5: 4 | B5: High | C5: 앱 실행 | D5: 최초 실행 | E5: 로딩화면 | F5: 앱 설치 완료 | G5: 앱 최초 실행 | H5: 로딩 화면이 정상 노출됨 | I5: Pass | J5: 김가이 | K5: 2026.02.02 | N5: Not Tested
A6: 5 | B6: High | D6: 상태 전환 | E6: 백그라운드 | F6: 로딩 중 | G6: 로딩 중 홈 버튼으로 백그라운드 전환 후 복귀 | H6: 비정상 종료 없이 이어서 진행됨 | I6: Pass | J6: 김가이 | K6: 2026.02.02 | N6: N/A
A7: 6 | B7: Medium | D7: 재실행 | E7: 강제 종료 | F7: 앱 실행 중 | G7: 앱 강제 종료 후 재실행 | H7: 정상적으로 앱이 실행됨 | I7: Pass | J7: 김가이 | K7: 2026.02.02
A8: 7 | B8: High | C8: 권한 | D8: 필수 권한 | E8: 알림 | F8: 최초 실행 | G8: 알림 권한 요청 팝업 확인 | H8: 알림 권한 요청 팝업이 노출됨 | I8: Pass | J8: 김가이 | K8: 2026.02.02
A9: 8 | B9: High | D9: 필수 권한 | E9: 알림 거부 | F9: 알림 권한 요청 상태 | G9: 알림 권한 허용 안함 선택 | H9: 게임이 정상적으로 진행됨 | I9: Pass | J9: 김가이 | K9: 2026.02.02
A10: 9 | B10: Medium | C10: 약관 | D10: 접근 경로 | E10: 설정 메뉴 | F10: 튜토리얼 완료 | G10: 설정 메뉴 진입 | H10: 설정 화면이 정상 노출됨 | I10: Pass | J10: 김가이 | K10: 2026.02.02
A11: 10 | B11: Medium | D11: 외부 페이지 | E11: 이용 약관 | F11: 설정 메뉴 진입 | G11: 이용 약관 선택 | H11: 외부 인터넷 페이지로 이동함 | I11: Pass | J11: 김가이 | K11: 2026.02.02
A12: 11 | B12: Medium | D12: 외부 페이지 | E12: 이용 약관 페이지 로딩 | F12: 네트워크 정상 | G12: 이용 약관 페이지가 정상적으로 로드되는지 확인 | H12: 이용 약관 페이지가 정상 표시됨 | I12: Pass | J12: 김가이 | K12: 2026.02.02
A13: 12 | B13: Medium | D13: 외부 페이지 | E13: 이용 약관 페이지 오류 | F13: 네트워크 차단 | G13: 이용 약관 선택 | H13: 오류 또는 로딩 실패 상태가 명확히 표시됨 | I13: Pass | J13: 김가이 | K13: 2026.02.02
A14: 13 | B14: Medium | D14: 외부 페이지 | E14: 이용 약관 복귀 | F14: 이용 약관 페이지 진입 | G14: 뒤로가기 버튼 선택 | H14: 게임으로 정상 복귀됨 | I14: Pass | J14: 김가이 | K14: 2026.02.02
A15: 14 | B15: Medium | D15: 외부 페이지 | E15: 개인정보 처리방침 | F15: 설정 메뉴 진입 | G15: 개인정보 처리방침 선택 | H15: 외부 인터넷 페이지로 이동함 | I15: Pass | J15: 김가이 | K15: 2026.02.02
A16: 15 | B16: Medium | D16: 외부 페이지 | E16: 개인정보 처리방침 페이지 로딩 | F16: 네트워크 정상 | G16: 개인정보 처리방침 페이지가 정상적으로 로드되는지 확인 | H16: 개인정보 처리방침 페이지가 정상 표시됨 | I16: Pass | J16: 김가이 | K16: 2026.02.02
A17: 16 | B17: Medium | D17: 외부 페이지 | E17: 개인정보 처리방침 페이지 오류 | F17: 네트워크 차단 | G17: 개인정보 처리방침 선택 | H17: 오류 또는 로딩 실패 상태가 명확히 표시됨 | I17: Pass | J17: 김가이 | K17: 2026.02.02
A18: 17 | B18: Medium | D18: 외부 페이지 | E18: 개인정보 처리방침 복귀 | F18: 개인정보 처리방침 페이지 진입 | G18: 뒤로가기 버튼 선택 | H18: 게임으로 정상 복귀됨 | I18: Pass | J18: 김가이 | K18: 2026.02.02
A19: 18 | B19: Low | D19: 외부 페이지 | E19: URL 유효성 | F19: 네트워크 정상 | G19: 각 페이지 URL 확인 | H19: 잘못된 페이지(404, 빈 페이지 등)가 노출되지 않음 | I19: Pass | J19: 김가이 | K19: 2026.02.02
A20: 19 | B20: High | C20: 로그인 | D20: 접근 경로 | E20: 계정 연동 버튼 | F20: 튜토리얼 완료 | G20: 설정 메뉴 진입 후 계정 연동 버튼 선택 | H20: 로그인 방식 선택 화면이 노출됨 | I20: Pass | J20: 김가이 | K20: 2026.02.02
A21: 20 | B21: High | D21: 로그인 방식 | E21: Google 로그인 | F21: 로그인 방식 선택 화면 | G21: Google로 로그인 선택 | H21: 이용 약관 및 개인정보 처리방침 동의 UI가 노출됨 | I21: Pass | J21: 김가이 | K21: 2026.02.02
A22: 21 | B22: High | D22: 로그인 방식 | E22: Apple 로그인 | F22: 로그인 방식 선택 화면 | G22: Apple로 로그인 선택 | H22: 이용 약관 및 개인정보 처리방침 동의 UI가 노출됨 | I22: Pass | J22: 김가이 | K22: 2026.02.02
A23: 22 | B23: High | D23: 약관 동의 | E23: 약관 동의 UI 노출 | F23: 로그인 방식 선택 후 | G23: 약관 동의 UI 구성 확인 | H23: 동의 버튼이 정상 노출됨 | I23: Pass | J23: 김가이 | K23: 2026.02.02
A24: 23 | B24: Medium | D24: 약관 링크 | E24: 이용 약관 | F24: 약관 동의 UI 노출 | G24: 이용 약관 링크 선택 | H24: 외부 인터넷 페이지로 이동함 | I24: Pass | J24: 김가이 | K24: 2026.02.02
A25: 24 | B25: Medium | D25: 약관 링크 | E25: 개인정보 처리방침 | F25: 약관 동의 UI 노출 | G25: 개인정보 처리방침 링크 선택 | H25: 외부 인터넷 페이지로 이동함 | I25: Pass | J25: 김가이 | K25: 2026.02.02
A26: 25 | B26: High | D26: 약관 동의 | E26: 약관 동의 진행 | F26: 약관 동의 UI 노출 | G26: 동의 버튼 선택 | H26: 플랫폼 계정 선택 화면으로 이동함 | I26: Pass | J26: 김가이 | K26: 2026.02.02
A27: 26 | B27: High | D27: 계정 선택 | E27: Google 계정 | F27: Google 로그인 선택 및 약관 동의 | G27: Google 계정 선택 | H27: 계정 연동이 정상 완료됨 | I27: Pass | J27: 김가이 | K27: 2026.02.02
A28: 27 | B28: High | D28: 계정 선택 | E28: Apple 계정 | F28: Apple 로그인 선택 및 약관 동의 | G28: Apple 계정 선택 | H28: 계정 연동이 정상 완료됨 | I28: Pass | J28: 김가이 | K28: 2026.02.02
A29: 28 | B29: High | D29: 계정 충돌 | E29: 충돌 안내 노출 | F29: 이미 연동된 계정 선택 | G29: 계정 연동 진행 | H29: 기존 계정 / 진행 중 계정 선택 UI가 노출됨 | I29: Pass | J29: 김가이 | K29: 2026.02.02
A30: 29 | B30: High | D30: 계정 충돌 | E30: 기존 계정 선택 | F30: 충돌 안내 노출 | G30: 기존 계정 선택 | H30: 기존 계정 데이터로 정상 연동됨 | I30: Pass | J30: 김가이 | K30: 2026.02.02
A31: 30 | B31: High | D31: 계정 충돌 | E31: 진행 중 계정 선택 | F31: 충돌 안내 노출 | G31: 진행 중 계정 선택 | H31: 현재 진행 데이터가 유지된 채 연동됨 | I31: Pass | J31: 김가이 | K31: 2026.02.02
A32: 31 | B32: High | D32: 계정 충돌 | E32: 취소 | F32: 충돌 안내 노출 | G32: 뒤로가기 버튼 선택 | H32: 계정 연동 이전 화면으로 복귀됨 | I32: Pass | J32: 김가이 | K32: 2026.02.02
... A35: 34 | B35: Medium | D35: 결과 | E35: 연동 상태 | F35: 연동 완료 | G35: 설정 화면 확인 | H35: 계정 연동 완료 상태가 표시됨 | I35: Pass | J35: 김가이 | K35: 2026.02.02

Sheet TC_인게임
A1: No. | B1: 우선순위 | C1: 대분류 | D1: 중분류 | E1: 소분류 | F1: 사전 조건 | G1: 테스트 내용 | H1: 기대 결과 | I1: 실제 결과 | J1: 테스트 수행자 | K1: 수행 날짜 | L1: 비고
A2: 1 | B2: High | C2: 매칭 | D2: 매칭 시작 | E2: 빠른 시작 버튼 | F2: 로비 진입 상태 | G2: 빠른 시작 버튼 클릭 시 매칭 큐 진입 | H2: 매칭 대기 상태 진입 | I2: Pass | J2: 김가이 | K2: 2026.02.02 | N2: Pass
A3: 2 | B3: High | D3: 매칭 대기 | E3: 대기 시간 표기 | F3: 매칭 대기 중 | G3: 유저 수에 따라 대기 상태 시간 실시간 표시 확인 | H3: 대기 시간 실시간 갱신 확인 | I3: Pass | J3: 김가이 | K3: 2026.02.02 | N3: Fail
A4: 3 | B4: High | D4: 매칭 결과 | E4: 매칭 성공 | F4: 매칭 요청 후 성공 | G4: 매칭 성공 시 로딩 화면 이동 확인 | H4: 매칭 성공 후 로딩 화면으로 이동 | I4: Pass | J4: 김가이 | K4: 2026.02.02 | N4: Blocked
A5: 4 | B5: Medium | D5: 매칭 결과 | E5: 매칭 실패 | F5: 매칭 대기 중 일정 시간 내 매칭 실패 | G5: 매칭 실패 팝업 출력 여부 확인 | H5: 매칭 실패 후 로비 복귀 | I5: Blocked | K5: 2026.02.02 | N5: Not Tested
A6: 5 | B6: Medium | D6: 매칭 취소 | E6: 사용자 수동 취소 | F6: 매칭 대기 중 취소 | G6: 취소 버튼 클릭 시 매칭 대기 상태 종료 확인 | H6: 매칭 취소 후 로비 복귀 | I6: Pass | J6: 김가이 | K6: 2026.02.02 | N6: N/A
A7: 6 | B7: High | D7: 매칭 진입 | E7: 게임 시작 연출 | F7: 매칭 성공 후 로딩 완료 | G7: 2명의 플레이어 프로필 노출되며 시작 연출 확인 | H7: 아이콘, 레벨, 닉네임이 정확하게 표시되며 오프닝 연출이 정상 표시됨 | I7: Pass | J7: 김가이 | K7: 2026.02.02
A8: 7 | B8: Medium | C8: 인게임 UI | D8: 유저 정보 | E8: 사용자 프로필 이미지 표시 | F8: 게임 진행 중 | G8: 좌측 상단 유저 프로필 이미지 표시 확인 | H8: 사용자가 설정한 프로필 이미지 정상 표시 | I8: Pass | J8: 김가이 | K8: 2026.02.03
A9: 8 | B9: Medium | E9: 사용자 레벨 표시 | F9: 게임 진행 중 | G9: 좌측 상단 유저 레벨 표시 확인 | H9: 사용자의 계정 레벨 정상 표시 | I9: Pass | J9: 김가이 | K9: 2026.02.03
A10: 9 | B10: Medium | E10: 사용자 닉네임 표시 | F10: 게임 진행 중 | G10: 좌측 상단 유저 닉네임 표시 확인 | H10: 사용자의 닉네임 정상 표시 | I10: Pass | J10: 김가이 | K10: 2026.02.03
A11: 10 | B11: Medium | E11: 동료 프로필 이미지 표시 | F11: 게임 진행 중 | G11: 우측 상단 유저 프로필 이미지 표시 확인 | H11: 동료가 설정한 프로필 이미지 정상 표시 | I11: Pass | J11: 김가이 | K11: 2026.02.03
A12: 11 | B12: Medium | E12: 동료 레벨 표시 | F12: 게임 진행 중 | G12: 우측 상단 유저 레벨 표시 확인 | H12: 동료의 계정 레벨 정상 표시 | I12: Pass | J12: 김가이 | K12: 2026.02.03
A13: 12 | B13: Medium | E13: 동료 닉네임 표시 | F13: 게임 진행 중 | G13: 우측 상단 유저 닉네임 표시 확인 | H13: 동료의 닉네임 정상 표시 | I13: Pass | J13: 김가이 | K13: 2026.02.03
A14: 13 | B14: Medium | D14: 진행 상태 표시 | E14: 웨이브 및 타이머 | F14: 게임 진행 중 | G14: 웨이브 및 타이머가 상단 중앙에 표시되는지 확인 | H14: 현재 웨이브 및 남은 시간 정상 표시 | I14: Pass | J14: 김가이 | K14: 2026.02.03
A15: 14 | B15: High | E15: 몬스터 수 UI | F15: 게임 진행 중 | G15: 현재 몬스터 수 / 최대치가 상단 중앙에 정상 표시 되는지 확인 | H15: 현재 몬스터 수 / 최대 몬스터 수 형태로 수치가 실시간으로 갱신 표시됨 | I15: Pass | J15: 김가이 | K15: 2026.02.03
A16: 15 | B16: High | E16: 임계 수치 시각 효과 | F16: 현재 필드 위 몬스터 수 70 이상 도달 | G16: 수치가 임계치에 가까울 때 강조되는지 확인 | H16: 주의 유도 UI가 표시됨 | I16: Pass | J16: 김가이 | K16: 2026.02.03
A17: 16 | B17: High | D17: 알림 표시 | E17: 소환 결과 알림 | F17: 고등급 영웅 소환 성공 | G17: 고등급 영웅 소환 시 알림 표시 여부 확인 | H17: "[닉네임]님이 [영웅명][등급] 영웅을 소환!" 문구 출력 | I17: Pass | J17: 김가이 | K17: 2026.02.03
A18: 17 | B18: Medium | E18: 소환 결과 알림 | F18: 룰렛 소환 실패 | G18: 룰렛 소환 실패 시 알림 표시 여부 확인 | H18: "룰렛 소환 실패.." 문구 노출 | I18: Pass | J18: 김가이 | K18: 2026.02.03
A19: 18 | B19: Low | E19: 소환 결과 알림 | F19: 일반(저등급) 영웅 소환 | G19: 알림 문구가 노출되지 않는지 여부 확인 | H19: 알림 미노출 확인 | I19: Pass | J19: 김가이 | K19: 2026.02.03
A20: 19 | B20: Medium | E20: 소환 결과 알림 | F20: 연속 고등급 영웅 소환 성공 | G20: 알림이 누락되거나 중복되는 현상 확인 | H20: 각각 개별 알림이 순차적으로 노출됨 | I20: Pass | J20: 김가이 | K20: 2026.02.03
A21: 20 | B21: Medium | E21: 사냥 결과 알림 | F21: 사냥 도전 성공 | G21: 사냥 성공 시 알림 표시 여부 확인 | H21: 사냥 성공 문구 출력 | I21: Pass | J21: 김가이 | K21: 2026.02.03
A22: 21 | B22: Medium | E22: 사냥 결과 알림 | F22: 사냥 도전 실패 | G22: 사냥 실패 시 알림 표시 여부 확인 | H22: 사냥 실패 문구 출력 | I22: Pass | J22: 김가이 | K22: 2026.02.03
A23: 22 | B23: Low | D23: 버튼 노출 | E23: 설정 버튼 | F23: 게임 진행 중 | G23: 우측 하단 햄버거 버튼 노출 확인 | H23: 햄버거 버튼이 정상 위치에 표시됨 | I23: Pass | J23: 김가이 | K23: 2026.02.03
A24: 23 | B24: Low | E24: 이모티콘 버튼 | F24: 게임 진행 중 | G24: 우측 하단 이모티콘 버튼 노출 확인 | H24: 버튼 클릭 시 이모티콘 선택 창 노출 | I24: Pass | J24: 김가이 | K24: 2026.02.03
A25: 24 | B25: Low | E25: 채팅 버튼 | F25: 게임 진행 중 | G25: 우측 하단 채팅 버튼 노출 확인 | H25: 채팅 버튼 노출 및 클릭 시 채팅창 표시 | I25: Pass | J25: 김가이 | K25: 2026.02.03
A26: 25 | B26: Low | E26: 설정 팝업 | F26: 설정 버튼 클릭 | G26: 설정 버튼 클릭 시 팝업이 열리는지 확인 | H26: 설정 UI 팝업 노출 | I26: Pass | J26: 김가이 | K26: 2026.02.03
A27: 26 | B27: Medium | D27: 재화 표시 | E27: 코인 수치 | F27: 게임 진행 중 | G27: 중앙 하단 골드 수치 노출 여부 확인 | H27: 보유 골드가 실시간 갱신되어 표시됨 | I27: Pass | J27: 김가이 | K27: 2026.02.03
A28: 27 | B28: Medium | E28: 행운석 수치 | F28: 게임 진행 중 | G28: 골드 수치 우측의 행운석 수치 확인 | H28: 행운석 보유 개수가 실시간 갱신되어 표시됨 | I28: Pass | J28: 김가이 | K28: 2026.02.03
A29: 28 | B29: Medium | E29: 유닛 슬롯 수 | F29: 게임 진행 중 | G29: 유닛 수치가 (현재/최대) 형식으로 표시 확인 | H29: 유닛 수가 조건에 따라 갱신 표시됨 | I29: Pass | J29: 김가이 | K29: 2026.02.03
A30: 29 | B30: High | D30: 기능 버튼 | E30: 신화 버튼 | F30: 게임 진행 중 | G30: 좌측 하단 신화 버튼 노출 확인 | H30: 클릭 시 신화 유닛 소환 팝업 노출 | I30: Pass | J30: 김가이 | K30: 2026.02.03
A31: 30 | B31: Medium | E31: 신화 버튼 | F31: 신화 조건 충족 | G31: 신화 버튼 강조 표시 확인 | H31: 소환 가능한 신화 유닛의 수가 강조되어 표시됨 | I31: Pass | J31: 김가이 | K31: 2026.02.03
A32: 31 | B32: High | E32: 소환 버튼 | F32: 게임 진행 중 | G32: 하단 중앙 소환 버튼 노출 확인 | H32: 클릭 시 유닛 소환 진행됨 | I32: Pass | J32: 김가이 | K32: 2026.02.03
A33: 32 | B33: High | E33: 룰렛 버튼 | F33: 게임 진행 중 | G33: 룰렛 버튼 노출 확인 | H33: 클릭 시 룰렛 소환 팝업 노출 | I33: Pass | J33: 김가이 | K33: 2026.02.03
A34: 33 | B34: Medium | E34: 강화 버튼 | F34: 게임 진행 중 | G34: 강화 버튼 노출 확인 | H34: 클릭 시 강화 팝업 노출 | I34: Pass | J34: 김가이 | K34: 2026.02.03
A35: 34 | B35: High | C35: 인게임 진행 | D35: 유닛 소환 | E35: 소환 가능 여부 | F35: 소환 요구 비용 충족 | G35: 소환 버튼 클릭 시 유닛 생성 | H35: 유닛이 필드에 정상 소환됨 | I35: Pass | J35: 김가이 | K35: 2026.02.03
A36: 35 | B36: Medium | E36: 소환 비용 증가 | F36: 소환 횟수 증가 | G36: 소환 비용이 점차 증가하는지 확인 | H36: 소환 비용이 증가함 | I36: Pass | J36: 김가이 | K36: 2026.02.03
A37: 36 | B37: High | E37: 최대 유닛 수 초과 | F37: 유닛 최대치 도달 상태 | G37: 추가 소환 시 소환 제한 확인 | H37: 소환 불가 안내 출력 | I37: Pass | J37: 김가이 | K37: 2026.02.03
A38: 37 | B38: High | E38: 필드 배치 불가 | F38: 필드에 유닛 모두 배치 상태 | G38: 추가 소환 시 소환 제한 확인 | H38: 소환 불가 안내 출력 | I38: Pass | J38: 김가이 | K38: 2026.02.03
A39: 38 | B39: High | E39: 동일 유닛 중첩 | F39: 유닛 소환 시 동일 유닛 필드에 존재 | G39: 동일 유닛 소환 시 최대 3개까지 자동 중첩 | H39: 동일 유닛이 정상적으로 3개까지 중첩됨 | I39: Pass | J39: 김가이 | K39: 2026.02.03
A40: 39 | B40: High | E40: 유닛 합성 | F40: 동일 유닛 3개 존재 | G40: 동일 유닛을 최대 중첩 시 상위 등급으로 합성 가능 | H40: 등급 상승 유닛 등장 | I40: Pass | J40: 김가이 | K40: 2026.02.03
A41: 40 | B41: Medium | D41: 유닛 배치 | E41: 이동 기능 | F41: 드래그 조작 가능 상태 | G41: 유닛을 드래그해 필드의 다른 칸으로 이동 | H41: 유닛의 위치가 정상적으로 변경됨 | I41: Pass | J41: 김가이 | K41: 2026.02.03
A42: 41 | B42: Medium | E42: 유닛 간 위치 변경 | F42: 드래그 조작 가능 상태 | G42: 유닛을 다른 유닛에게 드래그해 이동 | H42: 유닛끼리 위치가 정상적으로 변경됨 | I42: Pass | J42: 김가이 | K42: 2026.02.03
A43: 42 | B43: Low | E43: 잘못된 드래그 | F43: 필드 바깥으로 드래그 | G43: 드래그 취소 여부 확인 | H43: 유닛 이동 취소 | I43: Pass | J43: 김가이 | K43: 2026.02.03
A44: 43 | B44: Medium | D44: 강화 | E44: 일반~희귀 강화 | F44: 일반~희귀 등급 유닛 보유 | G44: 강화 버튼 클릭 시 능력치 상승 확인 | H44: 일반~희귀 등급 유닛 강화 효과 적용됨 | I44: Pass | J44: 김가이 | K44: 2026.02.03
A45: 44 | B45: High | E45: 영응 강화 | F45: 영웅 등급 유닛 보유 | G45: 강화 버튼 클릭 시 능력치 상승 확인 | H45: 영웅 등급 유닛 강화 효과 적용됨 | I45: Pass | J45: 김가이 | K45: 2026.02.03
A46: 45 | B46: High | E46: 전설~신화 강화 | F46: 전설~신화 등급 유닛 보유 | G46: 강화 버튼 클릭 시 능력치 상승 확인 | H46: 전설~ 신화 등급 유닛 강화 효과 적용됨 | I46: Pass | J46: 김가이 | K46: 2026.02.03
A47: 46 | B47: Medium | E47: 강화 재화 소모 | F47: 강화 재화 요구량 충족 | G47: 강화 시 재화 차감 여부 확인 | H47: 지정된 재화 소모 후 강화 | I47: Pass | J47: 김가이 | K47: 2026.02.03
A48: 47 | B48: Medium | E48: 강화 재화 부족 | F48: 강화 재화 요구량 미충족 | G48: 강화 시도 시 제한 처리 확인 | H48: 강화 불가 안내 표시 | I48: Pass | J48: 김가이 | K48: 2026.02.03
A49: 48 | B49: Medium | D49: 웨이브 | E49: 웨이브 자동 진행 | F49: 게임 시작 후 일정 시간 경과 | G49: 일정 시간마다 새로운 웨이브 생성 확인 | H49: 시간 경과에 따라 자동 웨이브 시작 | I49: Pass | J49: 김가이 | K49: 2026.02.03
A50: 49 | B50: Medium | E50: 웨이브 진행 속도 | F50: 보통 난이도 설정 상태 | G50: 난이도에 맞는 속도인지 확인 | H50: 몬스터 등장 간격이 난이도에 따라 일정함 | I50: Pass | J50: 김가이 | K50: 2026.02.03
A51: 50 | B51: High | D51: 몬스터 | E51: 몬스터 이동 | F51: 몬스터 등장 후 이동 시작 | G51: 몬스터가 경로를 따라 이동하는지 확인 | H51: 몬스터가 길을 따라 움직임 | I51: Pass | J51: 김가이 | K51: 2026.02.03
A52: 51 | B52: Medium | E52: 몬스터 외형 | F52: 다양한 종류의 몬스터 등장 | G52: 각 몬스터 그래픽 확인 | H52: 각 몬스터 정상적으로 표시 및 등장 | I52: Pass | J52: 김가이 | K52: 2026.02.03
A53: 52 | B53: High | D53: 유닛 공격 | E53: 유닛 공격 동작 | F53: 범위 내 몬스터 존재 | G53: 유닛이 공격 애니메이션 수행 확인 | H53: 공격 이펙트 정상 표시 | I53: Pass | J53: 김가이 | K53: 2026.02.03
A54: 53 | B54: Medium | E54: 유닛 공격 사거리 | F54: 범위 밖 몬스터 존재 | G54: 유닛이 공격하지 않는지 확인 | H54: 비공격 상태 유지 | I54: Pass | J54: 김가이 | K54: 2026.02.03
A55: 54 | B55: Medium | E55: 유닛 치명타 발생 | F55: 유닛이 치명타 능력 보유 | G55: 치명타 발생 시 이펙트 및 데미지 상승 확인 | H55: 치명타 효과 정상 표시 | I55: Pass | J55: 김가이 | K55: 2026.02.03
A56: 55 | B56: High | E56: 유닛 스킬 사용 | F56: 스킬형 유닛 배치 후 공격 | G56: 스킬 사용 여부 및 이펙트 확인 | H56: 스킬 발동 및 이펙트 정상 표시 | I56: Pass | J56: 김가이 | K56: 2026.02.03
A57: 56 | B57: Low | E57: 유닛 공격 사운드 | F57: 공격 시 효과음 출력 | G57: 사운드 재생 확인 | H57: 효과음이 정상 재생됨 | I57: Pass | J57: 김가이 | K57: 2026.02.03
A58: 57 | B58: Low | E58: 유닛 공격 애니메이션 | F58: 유닛 공격 | G58: 공격 시 애니메이션 확인 | H58: 공격 모션이 자연스럽게 재생됨 | I58: Pass | J58: 김가이 | K58: 2026.02.03
A59: 58 | B59: High | D59: 전투 종료 | E59: 게임 오버 조건 | F59: 현재 몬스터 수가 최대치에 도달 | G59: 몬스터 수가 최대치(기본 100)에 도달하는 시점에서 게임 상태 확인 | H59: 전투가 종료되고 결과 화면으로 전환됨 | I59: Pass | J59: 김가이 | K59: 2026.02.03
A60: 59 | B60: High | E60: 게임 오버 조건 | F60: 시간 제한 내에 보스 몬스터 처치 실패 | G60: 시간 제한 내 보스 몬스터 처치 실패 시점에서 게임 상태 확인 | H60: 전투가 종료되고 결과 화면으로 전환됨 | I60: Pass | J60: 김가이 | K60: 2026.02.03
A61: 60 | B61: High | E61: 게임 클리어 조건 | F61: 웨이브 80 클리어 | G61: 웨이브 80을 클리어하는 시점에서 게임 상태 확인 | H61: 전투가 종료되고 결과 화면으로 전환됨 | I61: Pass | J61: 김가이 | K61: 2026.02.03
A62: 61 | B62: High | D62: 통신 | E62: 네트워크 끊김 | F62: 게임 중 네트워크 중단 | G62: 경고 문구 및 복구 시도 확인 | H62: 네트워크 경고 메시지 출력 | I62: Pass | J62: 김가이 | K62: 2026.02.03
A63: 62 | B63: High | E63: 네트워크 복구 | F63: 재접속 시도 | G63: 재접속 후 상태 복구 | H63: 동일 게임 이어서 진행됨 | I63: Pass | J63: 김가이 | K63: 2026.02.03
A64: 63 | B64: High | E64: 이탈 | F64: 동료 앱 종료 상태 | G64: 이탈 처리 안내 문구 노출 | H64: "[동료]님이 연결이 끊어졌습니다" 알림 표시 | I64: Pass | J64: 김가이 | K64: 2026.02.03
A65: 64 | B65: Medium | E65: 이탈 | F65: 동료 이탈 후 혼자 생존 | G65: 싱글 진행 여부 확인 | H65: 혼자서도 게임 진행 가능 | I65: Pass | J65: 김가이 | K65: 2026.02.03
A66: 65 | B66: Medium | E66: 이탈 | F66: 동료 이탈 후 재접속 | G66: 동료 재접속 안내 문구 노출 | H66: "[동료]님이 다시 연결되었습니다" 알림 표시 | I66: Pass | J66: 김가이 | K66: 2026.02.03
A67: 66 | B67: High | E67: 이탈 | F67: 본인 앱 종료 후 재접속 | G67: 동일 게임 이어서 진행 확인 | H67: 동일 게임 이어서 진행됨 | I67: Pass | J67: 김가이 | K67: 2026.02.03
A68: 67 | B68: High | C68: 결과 화면 | D68: 종료 문구 | E68: 상단 텍스트 | F68: 몬스터 수가 최대치에 도달 또는 시간 제한 내에 보스 몬스터를 처치하지 못해 게임 오버 후 결과 화면 진입 | G68: 상단 텍스트 "종료!" 표시 확인 | H68: "종료" 텍스트 정상 노출 | I68: Pass | J68: 김가이 | K68: 2026.02.03
A69: 68 | B69: High | E69: 상단 텍스트 | F69: 웨이브 80 클리어 후 결과 화면 진입 | G69: 상단 텍스트 "클리어!" 표시 확인 | H69: "클리어" 텍스트 정상 노출 | I69: Pass | J69: 김가이 | K69: 2026.02.03
A70: 69 | B70: High | D70: 진행 정보 | E70: 최종 웨이브 단계 | F70: 결과 화면 진입 | G70: 도달한 웨이브 단계가 정확히 표시되는지 확인 | H70: 최종 웨이브 단계 올바른 숫자 노출 | I70: Pass | J70: 김가이 | K70: 2026.02.03
A71: 70 | B71: High | D71: 기여도 | E71: 유저 기여도 | F71: 결과 화면 진입 | G71: 각 유저의 기여도 퍼센트와 그래프가 정확히 표시 되는지 확인 | H71: 각 유저별 기여도 퍼센트와 그래프 수치 정확히 표시됨 | I71: Pass | J71: 김가이 | K71: 2026.02.03
A72: 71 | B72: Medium | D72: 유저 정보 | E72: 사용자 프로필 이미지 표시 | F72: 결과 화면 진입 | G72: 좌측 상단 유저 프로필 이미지 표시 확인 | H72: 사용자가 설정한 프로필 이미지 정상 표시 | I72: Pass | J72: 김가이 | K72: 2026.02.03
A73: 72 | B73: Medium | E73: 사용자 레벨 표시 | F73: 결과 화면 진입 | G73: 좌측 상단 유저 레벨 표시 확인 | H73: 사용자의 계정 레벨 정상 표시 | I73: Pass | J73: 김가이 | K73: 2026.02.03
A74: 73 | B74: Medium | E74: 사용자 닉네임 표시 | F74: 결과 화면 진입 | G74: 좌측 상단 유저 닉네임 표시 확인 | H74: 사용자의 닉네임 정상 표시 | I74: Pass | J74: 김가이 | K74: 2026.02.03
A75: 74 | B75: Medium | E75: 동료 프로필 이미지 표시 | F75: 결과 화면 진입 | G75: 우측 상단 유저 프로필 이미지 표시 확인 | H75: 동료가 설정한 프로필 이미지 정상 표시 | I75: Pass | J75: 김가이 | K75: 2026.02.03
A76: 75 | B76: Medium | E76: 동료 레벨 표시 | F76: 결과 화면 진입 | G76: 우측 상단 유저 레벨 표시 확인 | H76: 동료의 계정 레벨 정상 표시 | I76: Pass | J76: 김가이 | K76: 2026.02.03
A77: 76 | B77: Medium | E77: 동료 닉네임 표시 | F77: 결과 화면 진입 | G77: 우측 상단 유저 닉네임 표시 확인 | H77: 동료의 닉네임 정상 표시 | I77: Pass | J77: 김가이 | K77: 2026.02.03
A78: 77 | B78: High | D78: 보상 정보 | E78: 보상 수치 | F78: 결과 화면 진입 | G78: 보상 수치에 실제 보상이 정확히 반영되어 있는지 확인 | H78: 실제 보상과 수치 일치 | I78: Pass | J78: 김가이 | K78: 2026.02.03
A79: 78 | B79: Medium | E79: 보상 아이콘 | F79: 결과 화면 진입 | G79: 각 보상 아이콘이 누락없이 올바르게 표시되어 있는지 확인 | H79: 각 보상 아이콘이 모두 올바르게 표시됨 | I79: Pass | J79: 김가이 | K79: 2026.02.03
A80: 79 | B80: High | D80: 하단 버튼 | E80: 한 판 더하기 버튼 | F80: 두 명 모두 결과 화면에 있음 | G80: 버튼 클릭시 상대방을 기다리는 중 팝업이 뜨는지 확인 | H80: "상대방을 기다리는 중" 팝업이 표시됨 | I80: Pass | J80: 김가이 | K80: 2026.02.03
A81: 80 | B81: High | E81: 한 판 더하기 버튼 | F81: 상대 유저가 로비 버튼 클릭 | G81: 상대가 나가면 안내 문구 및 버튼 비활성화 상태로 전환되는지 확인 | H81: "상대방이 방을 떠났습니다" 안내 문구 노출, 한 판 더하기 버튼 비활성화 | I81: Pass | J81: 김가이 | K81: 2026.02.03
A82: 81 | B82: High | E82: 한 판 더하기 버튼 | F82: 양쪽 유저 모두 버튼 클릭 | G82: 두 명 모두 수락 시 새로운 게임에 정상 진입되는지 확인 | H82: 로딩 후 새로운 게임 시작 | I82: Pass | J82: 김가이 | K82: 2026.02.03
A83: 82 | B83: High | E83: 로비 버튼 | F83: 게임 플레이 후 결과 화면 이동 | G83: 로비 버튼 클릭 시 정상적으로 로비로 이동하는지 확인 | H83: 버튼 클릭 시 로비 정상 이동 | I83: Pass | J83: 김가이 | K83: 2026.02.03
